0,1,3,NdValence_min_value,ThermalExpansionCoefficient_min_value,valence_min_value,Material composition,predict_Pt,Solute element,Host element,Scaled activation energy (eV)
-0.5024244101595177,0.8930257096933205,0.13512741415898166,1.0987706763589706,0.16104225362183242,-1.2574629785308742,AgAg,0,Ag,Ag,0.0
0.09358114773396184,0.8930257096933205,0.13512741415898166,0.2854508676180616,-0.1902797008214923,-0.6792135796444139,AgCo,0,Co,Ag,-0.090141676
0.5542228837485558,0.8930257096933205,0.13512741415898166,-0.2567623382092111,-0.6726030620063957,1.055534617014967,AgCr,0,Cr,Ag,0.259138544
-0.36508161669629996,0.8930257096933205,0.13512741415898166,1.0987706763589706,0.01813162808556478,-1.2574629785308742,AgCu,0,Cu,Ag,-0.022200405
0.1416578338277306,0.8930257096933205,0.13512741415898166,0.014344264704425234,-0.2617350135896261,1.055534617014967,AgFe,0,Fe,Ag,0.317672341
-0.1848164053668681,0.8930257096933205,0.13512741415898166,-0.2567623382092111,0.3277713167474781,1.6337840159014274,AgMn,0,Mn,Ag,0.202185741
0.04885864946078729,0.8930257096933205,0.13512741415898166,0.556557470531698,-0.16646126323211433,-0.6792135796444139,AgNi,0,Ni,Ag,0.250571478
0.1450120216483248,0.8930257096933205,0.13512741415898166,-1.3411887498637567,-0.3689179827418269,-0.6792135796444139,AgSc,0,Sc,Ag,-0.001431337
0.2870059547159016,0.8930257096933205,0.13512741415898166,-1.0700821469501203,-0.4522825143046498,-0.10096418075795353,AgTi,0,Ti,Ag,0.164968058
0.5575770705689141,0.8930257096933205,0.13512741415898166,-0.7989755440364839,-0.4641917330993387,0.47728521812850677,AgV,0,V,Ag,0.248163228
-1.1086937819638218,0.8930257096933205,0.13512741415898166,1.0987706763589706,0.8339131155217596,-1.2574629785308742,AgZn,0,Zn,Ag,-0.146976233
-0.8394755210749294,0.6259902389923001,0.2794372574509992,-1.6122953527773929,0.4111358483103011,-0.6792135796444139,AlAl,0,Al,Al,0.0
-0.5024244101595177,0.6259902389923001,0.2794372574509992,1.0987706763589706,0.16104225362183242,-1.2574629785308742,AlAg,0,Ag,Al,-0.12503
-0.6644652026974552,0.6259902389923001,0.2794372574509992,1.0987706763589706,-0.04736907528522456,0.47728521812850677,AlAs,0,As,Al,-0.14243
-0.3879348138200115,0.6259902389923001,0.2794372574509992,1.0987706763589706,-0.11882438805335847,-0.6792135796444139,AlAu,0,Au,Al,-0.22471
-1.274480083584603,0.6259902389923001,0.2794372574509992,1.0987706763589706,-0.16646126323211433,0.47728521812850677,AlBi,0,Bi,Al,-0.35403
-0.63651364152678,0.6259902389923001,0.2794372574509992,-1.6122953527773929,0.3634989731315451,-1.2574629785308742,AlCa,0,Ca,Al,-0.19265
-1.218778211692295,0.6259902389923001,0.2794372574509992,1.0987706763589706,0.8696407719058266,-1.2574629785308742,AlCd,0,Cd,Al,-0.10511
-0.6857083902274135,0.6259902389923001,0.2794372574509992,-1.3411887498637567,-0.6547392338143624,-0.10096418075795353,AlCe,0,Ce,Al,-0.33259
0.09358114773396184,0.6259902389923001,0.2794372574509992,0.2854508676180616,-0.1902797008214923,-0.6792135796444139,AlCo,0,Co,Al,0.7443
0.5542228837485558,0.6259902389923001,0.2794372574509992,-0.2567623382092111,-0.6726030620063957,1.055534617014967,AlCr,0,Cr,Al,0.9101
-0.36508161669629996,0.6259902389923001,0.2794372574509992,1.0987706763589706,0.01813162808556478,-1.2574629785308742,AlCu,0,Cu,Al,-0.07002
0.0958172729476913,0.6259902389923001,0.2794372574509992,-1.6122953527773929,-0.40464563912589385,-0.6792135796444139,AlEr,0,Er,Al,-0.10337
0.1416578338277306,0.6259902389923001,0.2794372574509992,0.014344264704425234,-0.2617350135896261,1.055534617014967,AlFe,0,Fe,Al,0.8777
-1.5444809889984659,0.6259902389923001,0.2794372574509992,1.0987706763589706,0.20867912880058834,-0.6792135796444139,AlGa,0,Ga,Al,-0.07761
-0.5287324198282266,0.6259902389923001,0.2794372574509992,1.0987706763589706,-0.6249661868276399,-0.10096418075795353,AlGe,0,Ge,Al,-0.11104
0.9187112475756122,0.6259902389923001,-0.0073707581223849345,-1.0700821469501203,-0.613056968032951,-0.10096418075795353,AlHf,0,Hf,Al,0.79709
-1.6211688927908632,0.6259902389923001,0.2794372574509992,1.0987706763589706,1.9533796822225236,-1.2574629785308742,AlHg,0,Hg,Al,-0.18024
-1.402665946108025,0.6259902389923001,0.2794372574509992,1.0987706763589706,0.9470506940713049,-0.6792135796444139,AlIn,0,In,Al,-0.16474
1.1792198009670782,0.6259902389923001,0.2794372574509992,0.2854508676180616,-0.5832839210462285,-0.6792135796444139,AlIr,0,Ir,Al,0.9591
-0.5493047691939246,0.6259902389923001,0.2794372574509992,-1.3411887498637567,-0.6547392338143624,-0.6792135796444139,AlLa,0,La,Al,-0.48849
-0.8511816350384425,0.6259902389923001,0.2794372574509992,-1.6122953527773929,0.5123642080651573,-1.2574629785308742,AlMg,0,Mg,Al,-0.01939
-0.1848164053668681,0.6259902389923001,0.2794372574509992,-0.2567623382092111,0.3277713167474781,1.6337840159014274,AlMn,0,Mn,Al,0.6552
1.354755608239654,0.6259902389923001,0.2794372574509992,-0.2567623382092111,-0.6785576714037402,1.055534617014967,AlMo,0,Mo,Al,1.7601
-1.46849746327807,0.6259902389923001,0.2794372574509992,-1.6122953527773929,3.2633937496383107,-1.8357123774173345,AlNa,0,Na,Al,-0.06923
1.1915184886423544,0.6259902389923001,0.2794372574509992,-0.5278689411228475,-0.5296924364701281,0.47728521812850677,AlNb,0,Nb,Al,1.4009
-0.43638045990388763,0.6259902389923001,0.2794372574509992,-1.6122953527773929,-0.553510874059506,-0.6792135796444139,AlNd,0,Nd,Al,-0.3353
0.04885864946078729,0.6259902389923001,0.2794372574509992,0.556557470531698,-0.16646126323211433,-0.6792135796444139,AlNi,0,Ni,Al,0.33349
1.8131612190405184,0.6259902389923001,0.2794372574509992,0.014344264704425234,-0.6606938432117069,2.2120334147878875,AlOs,0,Os,Al,1.54
-1.528392069696062,0.6259902389923001,0.2794372574509992,-1.6122953527773929,6.597975012151224,0.47728521812850677,AlP,0,P,Al,-0.22713
-1.211633793244809,0.6259902389923001,0.2794372574509992,1.0987706763589706,0.7505485839589369,-0.10096418075795353,AlPb,0,Pb,Al,-0.32056
0.16072079932431452,0.6259902389923001,0.2794372574509992,1.0987706763589706,-0.2617350135896261,-0.10096418075795353,AlPd,0,Pd,Al,0.25651
0.39925942584167823,0.6259902389923001,0.2794372574509992,0.8276640734453343,-0.44037329550996074,-0.10096418075795353,AlPt,0,Pt,Al,0.33779
1.9842247758856348,0.6259902389923001,0.2794372574509992,-0.2567623382092111,-0.5951931398409175,1.6337840159014274,AlRe,0,Re,Al,1.9229
0.6179524443379592,0.6259902389923001,0.2794372574509992,0.556557470531698,-0.47610095189402774,1.055534617014967,AlRh,0,Rh,Al,0.8024
1.0316355558654136,0.6259902389923001,0.2794372574509992,0.2854508676180616,-0.5832839210462285,2.2120334147878875,AlRu,0,Ru,Al,1.3302
-1.4489425507945979,0.6259902389923001,0.2794372574509992,-1.6122953527773929,3.203847655664866,1.055534617014967,AlS,0,S,Al,-0.15472
-0.872670795561727,0.6259902389923001,0.2794372574509992,1.0987706763589706,-0.30937188876838206,0.47728521812850677,AlSb,0,Sb,Al,-0.24038
0.1450120216483248,0.6259902389923001,0.2794372574509992,-1.3411887498637567,-0.3689179827418269,-0.6792135796444139,AlSc,0,Sc,Al,0.30159
-1.3308304323690292,0.6259902389923001,0.2794372574509992,1.0987706763589706,1.7151953063287437,1.055534617014967,AlSe,0,Se,Al,-0.44259
0.003018088580747999,0.6259902389923001,0.2794372574509992,-1.6122953527773929,-0.809559078145319,-0.10096418075795353,AlSi,0,Si,Al,-0.15373
-1.318442300605421,0.6259902389923001,0.2794372574509992,1.0987706763589706,0.3456351449395116,-0.10096418075795353,AlSn,0,Sn,Al,-0.1955
1.795272219331154,0.6259902389923001,0.2794372574509992,-0.7989755440364839,-0.5892385304435729,0.47728521812850677,AlTa,0,Ta,Al,1.5159
0.8337384994562504,0.6259902389923001,0.2794372574509992,-0.2567623382092111,-0.48801017068871666,1.6337840159014274,AlTc,0,Tc,Al,1.7083
-1.0751742690309651,0.6259902389923001,0.2794372574509992,1.0987706763589706,0.15508764422448804,1.055534617014967,AlTe,0,Te,Al,-0.36132
0.2870059547159016,0.6259902389923001,0.2794372574509992,-1.0700821469501203,-0.4522825143046498,-0.10096418075795353,AlTi,0,Ti,Al,0.94129
-1.2380312480020859,0.6259902389923001,0.2794372574509992,1.0987706763589706,0.816049287329726,-0.6792135796444139,AlTl,0,Tl,Al,-0.27676
0.5575770705689141,0.6259902389923001,0.2794372574509992,-0.7989755440364839,-0.4641917330993387,0.47728521812850677,AlV,0,V,Al,1.3412
2.2480875180979307,0.6259902389923001,0.2794372574509992,-0.5278689411228475,-0.6964214995957737,1.055534617014967,AlW,0,W,Al,1.9362
0.12824108454582542,0.6259902389923001,0.2794372574509992,-1.3411887498637567,-0.29150806057634854,-0.6792135796444139,AlY,0,Y,Al,-0.14998
-1.1086937819638218,0.6259902389923001,0.2794372574509992,1.0987706763589706,0.8339131155217596,-1.2574629785308742,AlZn,0,Zn,Al,-0.08491
0.4960836351932403,0.6259902389923001,0.2794372574509992,-1.0700821469501203,-0.6249661868276399,-0.10096418075795353,AlZr,0,Zr,Al,0.65613
-0.3879348138200115,0.7596889231625489,0.24175949351320491,1.0987706763589706,-0.11882438805335847,-0.6792135796444139,AuAu,0,Au,Au,0.0
-0.5024244101595177,0.7596889231625489,0.24175949351320491,1.0987706763589706,0.16104225362183242,-1.2574629785308742,AuAg,0,Ag,Au,0.0348
-1.218778211692295,0.7596889231625489,0.24175949351320491,1.0987706763589706,0.8696407719058266,-1.2574629785308742,AuCd,0,Cd,Au,-0.0552
1.354755608239654,0.7596889231625489,0.24175949351320491,-0.2567623382092111,-0.6785576714037402,1.055534617014967,AuMo,0,Mo,Au,1.0278
1.1915184886423544,0.7596889231625489,0.24175949351320491,-0.5278689411228475,-0.5296924364701281,0.47728521812850677,AuNb,0,Nb,Au,0.978
0.16072079932431452,0.7596889231625489,0.24175949351320491,1.0987706763589706,-0.2617350135896261,-0.10096418075795353,AuPd,0,Pd,Au,0.4194
0.6179524443379592,0.7596889231625489,0.24175949351320491,0.556557470531698,-0.47610095189402774,1.055534617014967,AuRh,0,Rh,Au,0.7576
1.0316355558654136,0.7596889231625489,0.24175949351320491,0.2854508676180616,-0.5832839210462285,2.2120334147878875,AuRu,0,Ru,Au,0.9326
0.8337384994562504,0.7596889231625489,0.24175949351320491,-0.2567623382092111,-0.48801017068871666,1.6337840159014274,AuTc,0,Tc,Au,1.0052
0.12824108454582542,0.7596889231625489,0.24175949351320491,-1.3411887498637567,-0.29150806057634854,-0.6792135796444139,AuY,0,Y,Au,0.0704
0.4960836351932403,0.7596889231625489,0.24175949351320491,-1.0700821469501203,-0.6249661868276399,-0.10096418075795353,AuZr,0,Zr,Au,0.6971
-0.63651364152678,1.1205924008522716,3.246454145524182,-1.6122953527773929,0.3634989731315451,-1.2574629785308742,CaCa,0,Ca,Ca,0.0
-0.5024244101595177,1.1205924008522716,3.246454145524182,1.0987706763589706,0.16104225362183242,-1.2574629785308742,CaAg,0,Ag,Ca,-0.11076
-1.218778211692295,1.1205924008522716,3.246454145524182,1.0987706763589706,0.8696407719058266,-1.2574629785308742,CaCd,0,Cd,Ca,-0.03195
1.1915184886423544,1.1205924008522716,3.246454145524182,-0.5278689411228475,-0.5296924364701281,0.47728521812850677,CaNb,0,Nb,Ca,0.848
0.12824108454582542,1.1205924008522716,3.246454145524182,-1.3411887498637567,-0.29150806057634854,-0.6792135796444139,CaY,0,Y,Ca,0.29815
0.4960836351932403,1.1205924008522716,3.246454145524182,-1.0700821469501203,-0.6249661868276399,-0.10096418075795353,CaZr,0,Zr,Ca,0.63619
-0.36508161669629996,0.6280858115834193,-1.040399887672627,1.0987706763589706,0.01813162808556478,-1.2574629785308742,CuCu,0,Cu,Cu,0.0
-0.5024244101595177,0.6280858115834193,-1.040399887672627,1.0987706763589706,0.16104225362183242,-1.2574629785308742,CuAg,0,Ag,Cu,-0.1328
-0.8394755210749294,0.6280858115834193,-1.040399887672627,-1.6122953527773929,0.4111358483103011,-0.6792135796444139,CuAl,0,Al,Cu,-0.05359
-0.3879348138200115,0.6280858115834193,-1.040399887672627,1.0987706763589706,-0.11882438805335847,-0.6792135796444139,CuAu,0,Au,Cu,-0.10813
-1.274480083584603,0.6280858115834193,-1.040399887672627,1.0987706763589706,-0.16646126323211433,0.47728521812850677,CuBi,0,Bi,Cu,-0.44205
-1.218778211692295,0.6280858115834193,-1.040399887672627,1.0987706763589706,0.8696407719058266,-1.2574629785308742,CuCd,0,Cd,Cu,-0.18004
0.09358114773396184,0.6280858115834193,-1.040399887672627,0.2854508676180616,-0.1902797008214923,-0.6792135796444139,CuCo,0,Co,Cu,0.39165
0.5542228837485558,0.6280858115834193,-1.040399887672627,-0.2567623382092111,-0.6726030620063957,1.055534617014967,CuCr,0,Cr,Cu,0.07129
0.1416578338277306,0.6280858115834193,-1.040399887672627,0.014344264704425234,-0.2617350135896261,1.055534617014967,CuFe,0,Fe,Cu,0.39712
-1.5444809889984659,0.6280858115834193,-1.040399887672627,1.0987706763589706,0.20867912880058834,-0.6792135796444139,CuGa,0,Ga,Cu,-0.1059
-0.5287324198282266,0.6280858115834193,-1.040399887672627,1.0987706763589706,-0.6249661868276399,-0.10096418075795353,CuGe,0,Ge,Cu,-0.17374
0.9187112475756122,0.6280858115834193,-1.040399887672627,-1.0700821469501203,-0.613056968032951,-0.10096418075795353,CuHf,0,Hf,Cu,-0.15578
-1.6211688927908632,0.6280858115834193,-1.040399887672627,1.0987706763589706,1.9533796822225236,-1.2574629785308742,CuHg,0,Hg,Cu,-0.22938
-1.402665946108025,0.6280858115834193,-1.040399887672627,1.0987706763589706,0.9470506940713049,-0.6792135796444139,CuIn,0,In,Cu,-0.20489
1.1792198009670782,0.6280858115834193,-1.040399887672627,0.2854508676180616,-0.5832839210462285,-0.6792135796444139,CuIr,0,Ir,Cu,0.59565
-0.8511816350384425,0.6280858115834193,-1.040399887672627,-1.6122953527773929,0.5123642080651573,-1.2574629785308742,CuMg,0,Mg,Cu,-0.09191
-0.1848164053668681,0.6280858115834193,-1.040399887672627,-0.2567623382092111,0.3277713167474781,1.6337840159014274,CuMn,0,Mn,Cu,-0.04548
1.354755608239654,0.6280858115834193,-1.040399887672627,-0.2567623382092111,-0.6785576714037402,1.055534617014967,CuMo,0,Mo,Cu,0.15031
1.1915184886423544,0.6280858115834193,-1.040399887672627,-0.5278689411228475,-0.5296924364701281,0.47728521812850677,CuNb,0,Nb,Cu,-0.08554
0.04885864946078729,0.6280858115834193,-1.040399887672627,0.556557470531698,-0.16646126323211433,-0.6792135796444139,CuNi,0,Ni,Cu,0.27892
1.8131612190405184,0.6280858115834193,-1.040399887672627,0.014344264704425234,-0.6606938432117069,2.2120334147878875,CuOs,0,Os,Cu,0.64888
-1.211633793244809,0.6280858115834193,-1.040399887672627,1.0987706763589706,0.7505485839589369,-0.10096418075795353,CuPb,0,Pb,Cu,-0.38857
0.16072079932431452,0.6280858115834193,-1.040399887672627,1.0987706763589706,-0.2617350135896261,-0.10096418075795353,CuPd,0,Pd,Cu,0.13165
0.39925942584167823,0.6280858115834193,-1.040399887672627,0.8276640734453343,-0.44037329550996074,-0.10096418075795353,CuPt,0,Pt,Cu,0.34588
1.9842247758856348,0.6280858115834193,-1.040399887672627,-0.2567623382092111,-0.5951931398409175,1.6337840159014274,CuRe,0,Re,Cu,0.55486
0.6179524443379592,0.6280858115834193,-1.040399887672627,0.556557470531698,-0.47610095189402774,1.055534617014967,CuRh,0,Rh,Cu,0.38925
1.0316355558654136,0.6280858115834193,-1.040399887672627,0.2854508676180616,-0.5832839210462285,2.2120334147878875,CuRu,0,Ru,Cu,0.4278
-1.4489425507945979,0.6280858115834193,-1.040399887672627,-1.6122953527773929,3.203847655664866,1.055534617014967,CuS,0,S,Cu,-0.32154
-0.872670795561727,0.6280858115834193,-1.040399887672627,1.0987706763589706,-0.30937188876838206,0.47728521812850677,CuSb,0,Sb,Cu,-0.29198
0.1450120216483248,0.6280858115834193,-1.040399887672627,-1.3411887498637567,-0.3689179827418269,-0.6792135796444139,CuSc,0,Sc,Cu,-0.18267
0.003018088580747999,0.6280858115834193,-1.040399887672627,-1.6122953527773929,-0.809559078145319,-0.10096418075795353,CuSi,0,Si,Cu,-0.16598
-1.318442300605421,0.6280858115834193,-1.040399887672627,1.0987706763589706,0.3456351449395116,-0.10096418075795353,CuSn,0,Sn,Cu,-0.23379
1.795272219331154,0.6280858115834193,-1.040399887672627,-0.7989755440364839,-0.5892385304435729,0.47728521812850677,CuTa,0,Ta,Cu,0.00814
0.8337384994562504,0.6280858115834193,-1.040399887672627,-0.2567623382092111,-0.48801017068871666,1.6337840159014274,CuTc,0,Tc,Cu,0.34617
0.2870059547159016,0.6280858115834193,-1.040399887672627,-1.0700821469501203,-0.4522825143046498,-0.10096418075795353,CuTi,0,Ti,Cu,-0.04922
-1.2380312480020859,0.6280858115834193,-1.040399887672627,1.0987706763589706,0.816049287329726,-0.6792135796444139,CuTl,0,Tl,Cu,-0.31433
0.5575770705689141,0.6280858115834193,-1.040399887672627,-0.7989755440364839,-0.4641917330993387,0.47728521812850677,CuV,0,V,Cu,0.07567
2.2480875180979307,0.6280858115834193,-1.040399887672627,-0.5278689411228475,-0.6964214995957737,1.055534617014967,CuW,0,W,Cu,0.35754
-1.1086937819638218,0.6280858115834193,-1.040399887672627,1.0987706763589706,0.8339131155217596,-1.2574629785308742,CuZn,0,Zn,Cu,-0.08159
0.4960836351932403,0.6280858115834193,-1.040399887672627,-1.0700821469501203,-0.6249661868276399,-0.10096418075795353,CuZr,0,Zr,Cu,-0.21887
0.1416578338277306,-0.7046678829171591,-1.1330766040668536,0.014344264704425234,-0.2617350135896261,1.055534617014967,FeFe,0,Fe,Fe,0.0
-0.8394755210749294,-0.7046678829171591,-1.1330766040668536,-1.6122953527773929,0.4111358483103011,-0.6792135796444139,FeAl,0,Al,Fe,-0.14476
-0.6644652026974552,-0.7046678829171591,-1.1330766040668536,1.0987706763589706,-0.04736907528522456,0.47728521812850677,FeAs,0,As,Fe,-0.21379
-1.274480083584603,-0.7046678829171591,-1.1330766040668536,1.0987706763589706,-0.16646126323211433,0.47728521812850677,FeBi,0,Bi,Fe,-0.36814
0.09358114773396184,-0.7046678829171591,-1.1330766040668536,0.2854508676180616,-0.1902797008214923,-0.6792135796444139,FeCo,0,Co,Fe,0.04355
0.5542228837485558,-0.7046678829171591,-1.1330766040668536,-0.2567623382092111,-0.6726030620063957,1.055534617014967,FeCr,0,Cr,Fe,-0.09334
-1.5444809889984659,-0.7046678829171591,-1.1330766040668536,1.0987706763589706,0.20867912880058834,-0.6792135796444139,FeGa,0,Ga,Fe,-0.15887
-0.5287324198282266,-0.7046678829171591,-1.1330766040668536,1.0987706763589706,-0.6249661868276399,-0.10096418075795353,FeGe,0,Ge,Fe,-0.17353
1.1792198009670782,-0.7046678829171591,-1.1330766040668536,0.2854508676180616,-0.5832839210462285,-0.6792135796444139,FeIr,0,Ir,Fe,0.10354
1.354755608239654,-0.7046678829171591,-1.1330766040668536,-0.2567623382092111,-0.6785576714037402,1.055534617014967,FeMo,0,Mo,Fe,-0.13695
1.1915184886423544,-0.7046678829171591,-1.1330766040668536,-0.5278689411228475,-0.5296924364701281,0.47728521812850677,FeNb,0,Nb,Fe,-0.1805
0.04885864946078729,-0.7046678829171591,-1.1330766040668536,0.556557470531698,-0.16646126323211433,-0.6792135796444139,FeNi,0,Ni,Fe,-0.0796
-1.528392069696062,-0.7046678829171591,-1.1330766040668536,-1.6122953527773929,6.597975012151224,0.47728521812850677,FeP,0,P,Fe,-0.31504
-1.211633793244809,-0.7046678829171591,-1.1330766040668536,1.0987706763589706,0.7505485839589369,-0.10096418075795353,FePb,0,Pb,Fe,-0.37821
0.6179524443379592,-0.7046678829171591,-1.1330766040668536,0.556557470531698,-0.47610095189402774,1.055534617014967,FeRh,0,Rh,Fe,-0.03641
1.0316355558654136,-0.7046678829171591,-1.1330766040668536,0.2854508676180616,-0.5832839210462285,2.2120334147878875,FeRu,0,Ru,Fe,-0.0213
-0.872670795561727,-0.7046678829171591,-1.1330766040668536,1.0987706763589706,-0.30937188876838206,0.47728521812850677,FeSb,0,Sb,Fe,-0.24996
0.003018088580747999,-0.7046678829171591,-1.1330766040668536,-1.6122953527773929,-0.809559078145319,-0.10096418075795353,FeSi,0,Si,Fe,-0.20244
-1.318442300605421,-0.7046678829171591,-1.1330766040668536,1.0987706763589706,0.3456351449395116,-0.10096418075795353,FeSn,0,Sn,Fe,-0.29323
0.8337384994562504,-0.7046678829171591,-1.1330766040668536,-0.2567623382092111,-0.48801017068871666,1.6337840159014274,FeTc,0,Tc,Fe,-0.08915
0.2870059547159016,-0.7046678829171591,-1.1330766040668536,-1.0700821469501203,-0.4522825143046498,-0.10096418075795353,FeTi,0,Ti,Fe,-0.13961
0.5575770705689141,-0.7046678829171591,-1.1330766040668536,-0.7989755440364839,-0.4641917330993387,0.47728521812850677,FeV,0,V,Fe,-0.08294
2.2480875180979307,-0.7046678829171591,-1.1330766040668536,-0.5278689411228475,-0.6964214995957737,1.055534617014967,FeW,0,W,Fe,-0.09672
-1.1086937819638218,-0.7046678829171591,-1.1330766040668536,1.0987706763589706,0.8339131155217596,-1.2574629785308742,FeZn,0,Zn,Fe,-0.15948
-0.36508161669629996,-0.7046678829171591,-1.1330766040668536,1.0987706763589706,0.01813162808556478,-1.2574629785308742,FeCu,0,Cu,Fe,-0.19798
-0.1848164053668681,-0.7046678829171591,-1.1330766040668536,-0.2567623382092111,0.3277713167474781,1.6337840159014274,FeMn,0,Mn,Fe,-0.16716
-0.5024244101595177,-0.7046678829171591,-1.1330766040668536,1.0987706763589706,0.16104225362183242,-1.2574629785308742,FeAg,0,Ag,Fe,-0.27612
-0.3879348138200115,-0.7046678829171591,-1.1330766040668536,1.0987706763589706,-0.11882438805335847,-0.6792135796444139,FeAu,0,Au,Fe,-0.25088
-1.218778211692295,-0.7046678829171591,-1.1330766040668536,1.0987706763589706,0.8696407719058266,-1.2574629785308742,FeCd,0,Cd,Fe,-0.32909
0.9187112475756122,-0.7046678829171591,-1.1330766040668536,-1.0700821469501203,-0.613056968032951,-0.10096418075795353,FeHf,0,Hf,Fe,-0.27526
-1.6211688927908632,-0.7046678829171591,-1.1330766040668536,1.0987706763589706,1.9533796822225236,-1.2574629785308742,FeHg,0,Hg,Fe,-0.34562
-1.402665946108025,-0.7046678829171591,-1.1330766040668536,1.0987706763589706,0.9470506940713049,-0.6792135796444139,FeIn,0,In,Fe,-0.32382
1.8131612190405184,-0.7046678829171591,-1.1330766040668536,0.014344264704425234,-0.6606938432117069,2.2120334147878875,FeOs,0,Os,Fe,0.12598
0.16072079932431452,-0.7046678829171591,-1.1330766040668536,1.0987706763589706,-0.2617350135896261,-0.10096418075795353,FePd,0,Pd,Fe,-0.14447
0.39925942584167823,-0.7046678829171591,-1.1330766040668536,0.8276640734453343,-0.44037329550996074,-0.10096418075795353,FePt,0,Pt,Fe,-0.00302
0.1450120216483248,-0.7046678829171591,-1.1330766040668536,-1.3411887498637567,-0.3689179827418269,-0.6792135796444139,FeSc,0,Sc,Fe,-0.28547
1.795272219331154,-0.7046678829171591,-1.1330766040668536,-0.7989755440364839,-0.5892385304435729,0.47728521812850677,FeTa,0,Ta,Fe,-0.19922
-1.2380312480020859,-0.7046678829171591,-1.1330766040668536,1.0987706763589706,0.816049287329726,-0.6792135796444139,FeTl,0,Tl,Fe,-0.37171
0.4960836351932403,-0.7046678829171591,-1.1330766040668536,-1.0700821469501203,-0.6249661868276399,-0.10096418075795353,FeZr,0,Zr,Fe,-0.30511
1.9842247758856348,-0.7046678829171591,-1.1330766040668536,-0.2567623382092111,-0.5951931398409175,1.6337840159014274,FeRe,0,Re,Fe,0.06777
1.1792198009670782,-0.6879233953040078,-0.19507360897867185,0.2854508676180616,-0.5832839210462285,-0.6792135796444139,IrIr,0,Ir,Ir,0.0
-0.5024244101595177,-0.6879233953040078,-0.19507360897867185,1.0987706763589706,0.16104225362183242,-1.2574629785308742,IrAg,0,Ag,Ir,-0.0978
-1.218778211692295,-0.6879233953040078,-0.19507360897867185,1.0987706763589706,0.8696407719058266,-1.2574629785308742,IrCd,0,Cd,Ir,-0.12577
1.354755608239654,-0.6879233953040078,-0.19507360897867185,-0.2567623382092111,-0.6785576714037402,1.055534617014967,IrMo,0,Mo,Ir,0.38848
1.1915184886423544,-0.6879233953040078,-0.19507360897867185,-0.5278689411228475,-0.5296924364701281,0.47728521812850677,IrNb,0,Nb,Ir,0.16369
0.16072079932431452,-0.6879233953040078,-0.19507360897867185,1.0987706763589706,-0.2617350135896261,-0.10096418075795353,IrPd,0,Pd,Ir,-0.0767
0.6179524443379592,-0.6879233953040078,-0.19507360897867185,0.556557470531698,-0.47610095189402774,1.055534617014967,IrRh,0,Rh,Ir,-0.07101
1.0316355558654136,-0.6879233953040078,-0.19507360897867185,0.2854508676180616,-0.5832839210462285,2.2120334147878875,IrRu,0,Ru,Ir,0.194
0.8337384994562504,-0.6879233953040078,-0.19507360897867185,-0.2567623382092111,-0.48801017068871666,1.6337840159014274,IrTc,0,Tc,Ir,0.51986
0.12824108454582542,-0.6879233953040078,-0.19507360897867185,-1.3411887498637567,-0.29150806057634854,-0.6792135796444139,IrY,0,Y,Ir,-0.24058
0.4960836351932403,-0.6879233953040078,-0.19507360897867185,-1.0700821469501203,-0.6249661868276399,-0.10096418075795353,IrZr,0,Zr,Ir,0.02097
-0.8511816350384425,1.2393215153138404,1.3406349166019922,-1.6122953527773929,0.5123642080651573,-1.2574629785308742,MgMg,0,Mg,Mg,0.0
-0.5024244101595177,1.2393215153138404,1.3406349166019922,1.0987706763589706,0.16104225362183242,-1.2574629785308742,MgAg,0,Ag,Mg,0.05403
-0.8394755210749294,1.2393215153138404,1.3406349166019922,-1.6122953527773929,0.4111358483103011,-0.6792135796444139,MgAl,0,Al,Mg,0.06506
-0.3879348138200115,1.2393215153138404,1.3406349166019922,1.0987706763589706,-0.11882438805335847,-0.6792135796444139,MgAu,0,Au,Mg,0.12695
-0.13897584448682881,1.2393215153138404,1.3406349166019922,-1.6122953527773929,-0.29150806057634854,-1.2574629785308742,MgBe,0,Be,Mg,-0.02165
-1.274480083584603,1.2393215153138404,1.3406349166019922,1.0987706763589706,-0.16646126323211433,0.47728521812850677,MgBi,0,Bi,Mg,-0.16849
-0.63651364152678,1.2393215153138404,1.3406349166019922,-1.6122953527773929,0.3634989731315451,-1.2574629785308742,MgCa,0,Ca,Mg,-0.18541
-1.218778211692295,1.2393215153138404,1.3406349166019922,1.0987706763589706,0.8696407719058266,-1.2574629785308742,MgCd,0,Cd,Mg,-0.09292
-0.6857083902274135,1.2393215153138404,1.3406349166019922,-1.3411887498637567,-0.6547392338143624,-0.10096418075795353,MgCe,0,Ce,Mg,-0.2
0.09358114773396184,1.2393215153138404,1.3406349166019922,0.2854508676180616,-0.1902797008214923,-0.6792135796444139,MgCo,0,Co,Mg,0.57203
0.5542228837485558,1.2393215153138404,1.3406349166019922,-0.2567623382092111,-0.6726030620063957,1.055534617014967,MgCr,0,Cr,Mg,0.34033
-0.36508161669629996,1.2393215153138404,1.3406349166019922,1.0987706763589706,0.01813162808556478,-1.2574629785308742,MgCu,0,Cu,Mg,0.07701
0.1416578338277306,1.2393215153138404,1.3406349166019922,0.014344264704425234,-0.2617350135896261,1.055534617014967,MgFe,0,Fe,Mg,0.47406
-1.5444809889984659,1.2393215153138404,1.3406349166019922,1.0987706763589706,0.20867912880058834,-0.6792135796444139,MgGa,0,Ga,Mg,-0.05779
-0.10990622070928892,1.2393215153138404,1.3406349166019922,-1.3411887498637567,-1.0834711104231654,-0.6792135796444139,MgGd,0,Gd,Mg,-0.09429
0.9187112475756122,1.2393215153138404,1.3406349166019922,-1.0700821469501203,-0.613056968032951,-0.10096418075795353,MgHf,0,Hf,Mg,0.63542
-1.6211688927908632,1.2393215153138404,1.3406349166019922,1.0987706763589706,1.9533796822225236,-1.2574629785308742,MgHg,0,Hg,Mg,-0.15246
-1.402665946108025,1.2393215153138404,1.3406349166019922,1.0987706763589706,0.9470506940713049,-0.6792135796444139,MgIn,0,In,Mg,-0.09044
1.1792198009670782,1.2393215153138404,1.3406349166019922,0.2854508676180616,-0.5832839210462285,-0.6792135796444139,MgIr,0,Ir,Mg,0.86103
-1.5068917285367063,1.2393215153138404,1.3406349166019922,-1.6122953527773929,3.9184007833462045,-1.8357123774173345,MgK,0,K,Mg,-0.32939
-0.5493047691939246,1.2393215153138404,1.3406349166019922,-1.3411887498637567,-0.6547392338143624,-0.6792135796444139,MgLa,0,La,Mg,-0.22764
-1.3758995303604051,1.2393215153138404,1.3406349166019922,-1.6122953527773929,1.7747414003021886,-1.8357123774173345,MgLi,0,Li,Mg,-0.07403
-0.1848164053668681,1.2393215153138404,1.3406349166019922,-0.2567623382092111,0.3277713167474781,1.6337840159014274,MgMn,0,Mn,Mg,0.2894
1.354755608239654,1.2393215153138404,1.3406349166019922,-0.2567623382092111,-0.6785576714037402,1.055534617014967,MgMo,0,Mo,Mg,1.26838
-1.46849746327807,1.2393215153138404,1.3406349166019922,-1.6122953527773929,3.2633937496383107,-1.8357123774173345,MgNa,0,Na,Mg,-0.14435
1.1915184886423544,1.2393215153138404,1.3406349166019922,-0.5278689411228475,-0.5296924364701281,0.47728521812850677,MgNb,0,Nb,Mg,1.04635
-0.43638045990388763,1.2393215153138404,1.3406349166019922,-1.6122953527773929,-0.553510874059506,-0.6792135796444139,MgNd,0,Nd,Mg,-0.16883
0.04885864946078729,1.2393215153138404,1.3406349166019922,0.556557470531698,-0.16646126323211433,-0.6792135796444139,MgNi,0,Ni,Mg,0.36627
1.8131612190405184,1.2393215153138404,1.3406349166019922,0.014344264704425234,-0.6606938432117069,2.2120334147878875,MgOs,0,Os,Mg,1.15292
0.16072079932431452,1.2393215153138404,1.3406349166019922,1.0987706763589706,-0.2617350135896261,-0.10096418075795353,MgPd,0,Pd,Mg,0.36233
-0.5370060825188842,1.2393215153138404,1.3406349166019922,-1.6122953527773929,-0.6428300150196733,-0.6792135796444139,MgPr,0,Pr,Mg,-0.18752
0.39925942584167823,1.2393215153138404,1.3406349166019922,0.8276640734453343,-0.44037329550996074,-0.10096418075795353,MgPt,0,Pt,Mg,0.4658
1.9842247758856348,1.2393215153138404,1.3406349166019922,-0.2567623382092111,-0.5951931398409175,1.6337840159014274,MgRe,0,Re,Mg,1.38375
0.6179524443379592,1.2393215153138404,1.3406349166019922,0.556557470531698,-0.47610095189402774,1.055534617014967,MgRh,0,Rh,Mg,0.7209
1.0316355558654136,1.2393215153138404,1.3406349166019922,0.2854508676180616,-0.5832839210462285,2.2120334147878875,MgRu,0,Ru,Mg,1.03511
-0.872670795561727,1.2393215153138404,1.3406349166019922,1.0987706763589706,-0.30937188876838206,0.47728521812850677,MgSb,0,Sb,Mg,-0.13667
0.1450120216483248,1.2393215153138404,1.3406349166019922,-1.3411887498637567,-0.3689179827418269,-0.6792135796444139,MgSc,0,Sc,Mg,0.2063
-1.3308304323690292,1.2393215153138404,1.3406349166019922,1.0987706763589706,1.7151953063287437,1.055534617014967,MgSe,0,Se,Mg,-0.30687
0.003018088580747999,1.2393215153138404,1.3406349166019922,-1.6122953527773929,-0.809559078145319,-0.10096418075795353,MgSi,0,Si,Mg,0.02822
-1.318442300605421,1.2393215153138404,1.3406349166019922,1.0987706763589706,0.3456351449395116,-0.10096418075795353,MgSn,0,Sn,Mg,-0.0433
-0.7091877019708656,1.2393215153138404,1.3406349166019922,-1.6122953527773929,0.37540819192623404,-1.2574629785308742,MgSr,0,Sr,Mg,-0.32382
1.795272219331154,1.2393215153138404,1.3406349166019922,-0.7989755440364839,-0.5892385304435729,0.47728521812850677,MgTa,0,Ta,Mg,1.13128
0.8337384994562504,1.2393215153138404,1.3406349166019922,-0.2567623382092111,-0.48801017068871666,1.6337840159014274,MgTc,0,Tc,Mg,1.24556
0.3786870764759802,1.2393215153138404,1.3406349166019922,-1.0700821469501203,-0.30937188876838206,-0.10096418075795353,MgTh,0,Th,Mg,-0.1397
0.2870059547159016,1.2393215153138404,1.3406349166019922,-1.0700821469501203,-0.4522825143046498,-0.10096418075795353,MgTi,0,Ti,Mg,0.61614
0.5575770705689141,1.2393215153138404,1.3406349166019922,-0.7989755440364839,-0.4641917330993387,0.47728521812850677,MgV,0,V,Mg,0.85139
2.2480875180979307,1.2393215153138404,1.3406349166019922,-0.5278689411228475,-0.6964214995957737,1.055534617014967,MgW,0,W,Mg,1.42392
0.12824108454582542,1.2393215153138404,1.3406349166019922,-1.3411887498637567,-0.29150806057634854,-0.6792135796444139,MgY,0,Y,Mg,-0.0565
-1.1086937819638218,1.2393215153138404,1.3406349166019922,1.0987706763589706,0.8339131155217596,-1.2574629785308742,MgZn,0,Zn,Mg,-0.10139
0.4960836351932403,1.2393215153138404,1.3406349166019922,-1.0700821469501203,-0.6249661868276399,-0.10096418075795353,MgZr,0,Zr,Mg,0.58031
1.354755608239654,-1.4397478936139902,0.03030035610717292,-0.2567623382092111,-0.6785576714037402,1.055534617014967,MoMo,0,Mo,Mo,0.0
-0.5024244101595177,-1.4397478936139902,0.03030035610717292,1.0987706763589706,0.16104225362183242,-1.2574629785308742,MoAg,0,Ag,Mo,-0.3389
-1.274480083584603,-1.4397478936139902,0.03030035610717292,1.0987706763589706,-0.16646126323211433,0.47728521812850677,MoBi,0,Bi,Mo,-0.25015
-1.218778211692295,-1.4397478936139902,0.03030035610717292,1.0987706763589706,0.8696407719058266,-1.2574629785308742,MoCd,0,Cd,Mo,-0.29796
0.09358114773396184,-1.4397478936139902,0.03030035610717292,0.2854508676180616,-0.1902797008214923,-0.6792135796444139,MoCo,0,Co,Mo,-0.43262
0.5542228837485558,-1.4397478936139902,0.03030035610717292,-0.2567623382092111,-0.6726030620063957,1.055534617014967,MoCr,0,Cr,Mo,0.03971
-0.36508161669629996,-1.4397478936139902,0.03030035610717292,1.0987706763589706,0.01813162808556478,-1.2574629785308742,MoCu,0,Cu,Mo,-0.16294
0.1416578338277306,-1.4397478936139902,0.03030035610717292,0.014344264704425234,-0.2617350135896261,1.055534617014967,MoFe,0,Fe,Mo,-0.41841
-1.5444809889984659,-1.4397478936139902,0.03030035610717292,1.0987706763589706,0.20867912880058834,-0.6792135796444139,MoGa,0,Ga,Mo,-0.06432
-1.402665946108025,-1.4397478936139902,0.03030035610717292,1.0987706763589706,0.9470506940713049,-0.6792135796444139,MoIn,0,In,Mo,-0.18684
-0.8511816350384425,-1.4397478936139902,0.03030035610717292,-1.6122953527773929,0.5123642080651573,-1.2574629785308742,MoMg,0,Mg,Mo,-0.07214
-0.1848164053668681,-1.4397478936139902,0.03030035610717292,-0.2567623382092111,0.3277713167474781,1.6337840159014274,MoMn,0,Mn,Mo,-0.21671
0.04885864946078729,-1.4397478936139902,0.03030035610717292,0.556557470531698,-0.16646126323211433,-0.6792135796444139,MoNi,0,Ni,Mo,-0.3256
0.16072079932431452,-1.4397478936139902,0.03030035610717292,1.0987706763589706,-0.2617350135896261,-0.10096418075795353,MoPd,0,Pd,Mo,-0.38321
0.8337384994562504,-1.4397478936139902,0.03030035610717292,-0.2567623382092111,-0.48801017068871666,1.6337840159014274,MoTc,0,Tc,Mo,-0.16792
2.2480875180979307,-1.4397478936139902,0.03030035610717292,-0.5278689411228475,-0.6964214995957737,1.055534617014967,MoW,0,W,Mo,0.22933
0.12824108454582542,-1.4397478936139902,0.03030035610717292,-1.3411887498637567,-0.29150806057634854,-0.6792135796444139,MoY,0,Y,Mo,-0.17599
-1.1086937819638218,-1.4397478936139902,0.03030035610717292,1.0987706763589706,0.8339131155217596,-1.2574629785308742,MoZn,0,Zn,Mo,-0.07497
-0.6644652026974552,-1.4397478936139902,0.03030035610717292,1.0987706763589706,-0.04736907528522456,0.47728521812850677,MoAs,0,As,Mo,-0.17707
-0.5287324198282266,-1.4397478936139902,0.03030035610717292,1.0987706763589706,-0.6249661868276399,-0.10096418075795353,MoGe,0,Ge,Mo,-0.03033
1.8131612190405184,-1.4397478936139902,0.03030035610717292,0.014344264704425234,-0.6606938432117069,2.2120334147878875,MoOs,0,Os,Mo,-0.27856
-1.528392069696062,-1.4397478936139902,0.03030035610717292,-1.6122953527773929,6.597975012151224,0.47728521812850677,MoP,0,P,Mo,-0.25526
-1.211633793244809,-1.4397478936139902,0.03030035610717292,1.0987706763589706,0.7505485839589369,-0.10096418075795353,MoPb,0,Pb,Mo,-0.27243
0.39925942584167823,-1.4397478936139902,0.03030035610717292,0.8276640734453343,-0.44037329550996074,-0.10096418075795353,MoPt,0,Pt,Mo,-0.52073
1.0316355558654136,-1.4397478936139902,0.03030035610717292,0.2854508676180616,-0.5832839210462285,2.2120334147878875,MoRu,0,Ru,Mo,-0.41775
-0.872670795561727,-1.4397478936139902,0.03030035610717292,1.0987706763589706,-0.30937188876838206,0.47728521812850677,MoSb,0,Sb,Mo,-0.132
0.1450120216483248,-1.4397478936139902,0.03030035610717292,-1.3411887498637567,-0.3689179827418269,-0.6792135796444139,MoSc,0,Sc,Mo,-0.03891
0.003018088580747999,-1.4397478936139902,0.03030035610717292,-1.6122953527773929,-0.809559078145319,-0.10096418075795353,MoSi,0,Si,Mo,-0.09983
-1.318442300605421,-1.4397478936139902,0.03030035610717292,1.0987706763589706,0.3456351449395116,-0.10096418075795353,MoSn,0,Sn,Mo,-0.13579
0.2870059547159016,-1.4397478936139902,0.03030035610717292,-1.0700821469501203,-0.4522825143046498,-0.10096418075795353,MoTi,0,Ti,Mo,0.01575
-1.2380312480020859,-1.4397478936139902,0.03030035610717292,1.0987706763589706,0.816049287329726,-0.6792135796444139,MoTl,0,Tl,Mo,-0.31303
0.4960836351932403,-1.4397478936139902,0.03030035610717292,-1.0700821469501203,-0.6249661868276399,-0.10096418075795353,MoZr,0,Zr,Mo,-0.06928
0.04885864946078729,0.11243452294925871,-1.2414948637580867,0.556557470531698,-0.16646126323211433,-0.6792135796444139,NiNi,0,Ni,Ni,0.0
-0.5024244101595177,0.11243452294925871,-1.2414948637580867,1.0987706763589706,0.16104225362183242,-1.2574629785308742,NiAg,0,Ag,Ni,-0.18887
-0.8394755210749294,0.11243452294925871,-1.2414948637580867,-1.6122953527773929,0.4111358483103011,-0.6792135796444139,NiAl,0,Al,Ni,-0.01661
-0.3879348138200115,0.11243452294925871,-1.2414948637580867,1.0987706763589706,-0.11882438805335847,-0.6792135796444139,NiAu,0,Au,Ni,-0.24525
-1.274480083584603,0.11243452294925871,-1.2414948637580867,1.0987706763589706,-0.16646126323211433,0.47728521812850677,NiBi,0,Bi,Ni,-0.53152
-1.218778211692295,0.11243452294925871,-1.2414948637580867,1.0987706763589706,0.8696407719058266,-1.2574629785308742,NiCd,0,Cd,Ni,-0.25802
0.09358114773396184,0.11243452294925871,-1.2414948637580867,0.2854508676180616,-0.1902797008214923,-0.6792135796444139,NiCo,0,Co,Ni,0.11524
0.5542228837485558,0.11243452294925871,-1.2414948637580867,-0.2567623382092111,-0.6726030620063957,1.055534617014967,NiCr,0,Cr,Ni,-0.02986
-0.36508161669629996,0.11243452294925871,-1.2414948637580867,1.0987706763589706,0.01813162808556478,-1.2574629785308742,NiCu,0,Cu,Ni,-0.06858
0.1416578338277306,0.11243452294925871,-1.2414948637580867,0.014344264704425234,-0.2617350135896261,1.055534617014967,NiFe,0,Fe,Ni,-0.01578
-1.5444809889984659,0.11243452294925871,-1.2414948637580867,1.0987706763589706,0.20867912880058834,-0.6792135796444139,NiGa,0,Ga,Ni,-0.07458
-0.5287324198282266,0.11243452294925871,-1.2414948637580867,1.0987706763589706,-0.6249661868276399,-0.10096418075795353,NiGe,0,Ge,Ni,-0.15619
0.9187112475756122,0.11243452294925871,-1.2414948637580867,-1.0700821469501203,-0.613056968032951,-0.10096418075795353,NiHf,0,Hf,Ni,-0.21084
-1.6211688927908632,0.11243452294925871,-1.2414948637580867,1.0987706763589706,1.9533796822225236,-1.2574629785308742,NiHg,0,Hg,Ni,-0.31358
-1.402665946108025,0.11243452294925871,-1.2414948637580867,1.0987706763589706,0.9470506940713049,-0.6792135796444139,NiIn,0,In,Ni,-0.25042
1.1792198009670782,0.11243452294925871,-1.2414948637580867,0.2854508676180616,-0.5832839210462285,-0.6792135796444139,NiIr,0,Ir,Ni,0.5026
-0.8511816350384425,0.11243452294925871,-1.2414948637580867,-1.6122953527773929,0.5123642080651573,-1.2574629785308742,NiMg,0,Mg,Ni,-0.10457
-0.1848164053668681,0.11243452294925871,-1.2414948637580867,-0.2567623382092111,0.3277713167474781,1.6337840159014274,NiMn,0,Mn,Ni,-0.01542
1.354755608239654,0.11243452294925871,-1.2414948637580867,-0.2567623382092111,-0.6785576714037402,1.055534617014967,NiMo,0,Mo,Ni,0.03511
1.1915184886423544,0.11243452294925871,-1.2414948637580867,-0.5278689411228475,-0.5296924364701281,0.47728521812850677,NiNb,0,Nb,Ni,-0.08818
1.8131612190405184,0.11243452294925871,-1.2414948637580867,0.014344264704425234,-0.6606938432117069,2.2120334147878875,NiOs,0,Os,Ni,0.5853
-1.211633793244809,0.11243452294925871,-1.2414948637580867,1.0987706763589706,0.7505485839589369,-0.10096418075795353,NiPb,0,Pb,Ni,-0.43286
0.16072079932431452,0.11243452294925871,-1.2414948637580867,1.0987706763589706,-0.2617350135896261,-0.10096418075795353,NiPd,0,Pd,Ni,-0.13837
0.39925942584167823,0.11243452294925871,-1.2414948637580867,0.8276640734453343,-0.44037329550996074,-0.10096418075795353,NiPt,0,Pt,Ni,0.10964
1.9842247758856348,0.11243452294925871,-1.2414948637580867,-0.2567623382092111,-0.5951931398409175,1.6337840159014274,NiRe,0,Re,Ni,0.50674
0.6179524443379592,0.11243452294925871,-1.2414948637580867,0.556557470531698,-0.47610095189402774,1.055534617014967,NiRh,0,Rh,Ni,0.199
1.0316355558654136,0.11243452294925871,-1.2414948637580867,0.2854508676180616,-0.5832839210462285,2.2120334147878875,NiRu,0,Ru,Ni,0.25454
-1.4489425507945979,0.11243452294925871,-1.2414948637580867,-1.6122953527773929,3.203847655664866,1.055534617014967,NiS,0,S,Ni,-0.79502
-0.872670795561727,0.11243452294925871,-1.2414948637580867,1.0987706763589706,-0.30937188876838206,0.47728521812850677,NiSb,0,Sb,Ni,-0.27711
0.1450120216483248,0.11243452294925871,-1.2414948637580867,-1.3411887498637567,-0.3689179827418269,-0.6792135796444139,NiSc,0,Sc,Ni,-0.25421
0.003018088580747999,0.11243452294925871,-1.2414948637580867,-1.6122953527773929,-0.809559078145319,-0.10096418075795353,NiSi,0,Si,Ni,-0.24268
-1.318442300605421,0.11243452294925871,-1.2414948637580867,1.0987706763589706,0.3456351449395116,-0.10096418075795353,NiSn,0,Sn,Ni,-0.24553
1.795272219331154,0.11243452294925871,-1.2414948637580867,-0.7989755440364839,-0.5892385304435729,0.47728521812850677,NiTa,0,Ta,Ni,-0.0961
0.8337384994562504,0.11243452294925871,-1.2414948637580867,-0.2567623382092111,-0.48801017068871666,1.6337840159014274,NiTc,0,Tc,Ni,0.18748
0.2870059547159016,0.11243452294925871,-1.2414948637580867,-1.0700821469501203,-0.4522825143046498,-0.10096418075795353,NiTi,0,Ti,Ni,-0.03497
-1.2380312480020859,0.11243452294925871,-1.2414948637580867,1.0987706763589706,0.816049287329726,-0.6792135796444139,NiTl,0,Tl,Ni,-0.38005
0.5575770705689141,0.11243452294925871,-1.2414948637580867,-0.7989755440364839,-0.4641917330993387,0.47728521812850677,NiV,0,V,Ni,-0.00307
2.2480875180979307,0.11243452294925871,-1.2414948637580867,-0.5278689411228475,-0.6964214995957737,1.055534617014967,NiW,0,W,Ni,0.24398
-1.1086937819638218,0.11243452294925871,-1.2414948637580867,1.0987706763589706,0.8339131155217596,-1.2574629785308742,NiZn,0,Zn,Ni,-0.05668
0.4960836351932403,0.11243452294925871,-1.2414948637580867,-1.0700821469501203,-0.6249661868276399,-0.10096418075795353,NiZr,0,Zr,Ni,-0.30565
-1.211633793244809,0.6453424111549578,2.1014897410029776,1.0987706763589706,0.7505485839589369,-0.10096418075795353,PbPb,0,Pb,Pb,0.0
-0.5024244101595177,0.6453424111549578,2.1014897410029776,1.0987706763589706,0.16104225362183242,-1.2574629785308742,PbAg,0,Ag,Pb,-0.26199
-1.218778211692295,0.6453424111549578,2.1014897410029776,1.0987706763589706,0.8696407719058266,-1.2574629785308742,PbCd,0,Cd,Pb,-0.13192
1.354755608239654,0.6453424111549578,2.1014897410029776,-0.2567623382092111,-0.6785576714037402,1.055534617014967,PbMo,0,Mo,Pb,0.5364
1.1915184886423544,0.6453424111549578,2.1014897410029776,-0.5278689411228475,-0.5296924364701281,0.47728521812850677,PbNb,0,Nb,Pb,0.5915
0.16072079932431452,0.6453424111549578,2.1014897410029776,1.0987706763589706,-0.2617350135896261,-0.10096418075795353,PbPd,0,Pd,Pb,-0.20521
0.12824108454582542,0.6453424111549578,2.1014897410029776,-1.3411887498637567,-0.29150806057634854,-0.6792135796444139,PbY,0,Y,Pb,0.20792
0.4960836351932403,0.6453424111549578,2.1014897410029776,-1.0700821469501203,-0.6249661868276399,-0.10096418075795353,PbZr,0,Zr,Pb,0.5098
0.16072079932431452,0.2123713444737503,-0.23002888567571206,1.0987706763589706,-0.2617350135896261,-0.10096418075795353,PdPd,0,Pd,Pd,0.0
-0.5024244101595177,0.2123713444737503,-0.23002888567571206,1.0987706763589706,0.16104225362183242,-1.2574629785308742,PdAg,0,Ag,Pd,-0.10974
-0.3879348138200115,0.2123713444737503,-0.23002888567571206,1.0987706763589706,-0.11882438805335847,-0.6792135796444139,PdAu,0,Au,Pd,-0.11745
-1.218778211692295,0.2123713444737503,-0.23002888567571206,1.0987706763589706,0.8696407719058266,-1.2574629785308742,PdCd,0,Cd,Pd,-0.16826
0.09358114773396184,0.2123713444737503,-0.23002888567571206,0.2854508676180616,-0.1902797008214923,-0.6792135796444139,PdCo,0,Co,Pd,-0.00183
0.5542228837485558,0.2123713444737503,-0.23002888567571206,-0.2567623382092111,-0.6726030620063957,1.055534617014967,PdCr,0,Cr,Pd,0.49451
-0.36508161669629996,0.2123713444737503,-0.23002888567571206,1.0987706763589706,0.01813162808556478,-1.2574629785308742,PdCu,0,Cu,Pd,-0.11032
0.1416578338277306,0.2123713444737503,-0.23002888567571206,0.014344264704425234,-0.2617350135896261,1.055534617014967,PdFe,0,Fe,Pd,0.17347
0.9187112475756122,0.2123713444737503,-0.23002888567571206,-1.0700821469501203,-0.613056968032951,-0.10096418075795353,PdHf,0,Hf,Pd,0.24061
-1.6211688927908632,0.2123713444737503,-0.23002888567571206,1.0987706763589706,1.9533796822225236,-1.2574629785308742,PdHg,0,Hg,Pd,-0.2697
1.1792198009670782,0.2123713444737503,-0.23002888567571206,0.2854508676180616,-0.5832839210462285,-0.6792135796444139,PdIr,0,Ir,Pd,0.54273
-0.5493047691939246,0.2123713444737503,-0.23002888567571206,-1.3411887498637567,-0.6547392338143624,-0.6792135796444139,PdLa,0,La,Pd,-0.93933
-0.1848164053668681,0.2123713444737503,-0.23002888567571206,-0.2567623382092111,0.3277713167474781,1.6337840159014274,PdMn,0,Mn,Pd,0.34327
1.354755608239654,0.2123713444737503,-0.23002888567571206,-0.2567623382092111,-0.6785576714037402,1.055534617014967,PdMo,0,Mo,Pd,1.02103
1.1915184886423544,0.2123713444737503,-0.23002888567571206,-0.5278689411228475,-0.5296924364701281,0.47728521812850677,PdNb,0,Nb,Pd,0.69444
0.04885864946078729,0.2123713444737503,-0.23002888567571206,0.556557470531698,-0.16646126323211433,-0.6792135796444139,PdNi,0,Ni,Pd,-0.13289
1.8131612190405184,0.2123713444737503,-0.23002888567571206,0.014344264704425234,-0.6606938432117069,2.2120334147878875,PdOs,0,Os,Pd,0.94698
0.39925942584167823,0.2123713444737503,-0.23002888567571206,0.8276640734453343,-0.44037329550996074,-0.10096418075795353,PdPt,0,Pt,Pd,0.16814
1.9842247758856348,0.2123713444737503,-0.23002888567571206,-0.2567623382092111,-0.5951931398409175,1.6337840159014274,PdRe,0,Re,Pd,1.26257
0.6179524443379592,0.2123713444737503,-0.23002888567571206,0.556557470531698,-0.47610095189402774,1.055534617014967,PdRh,0,Rh,Pd,0.26592
1.0316355558654136,0.2123713444737503,-0.23002888567571206,0.2854508676180616,-0.5832839210462285,2.2120334147878875,PdRu,0,Ru,Pd,0.60024
0.1450120216483248,0.2123713444737503,-0.23002888567571206,-1.3411887498637567,-0.3689179827418269,-0.6792135796444139,PdSc,0,Sc,Pd,0.01782
1.795272219331154,0.2123713444737503,-0.23002888567571206,-0.7989755440364839,-0.5892385304435729,0.47728521812850677,PdTa,0,Ta,Pd,0.8232
0.8337384994562504,0.2123713444737503,-0.23002888567571206,-0.2567623382092111,-0.48801017068871666,1.6337840159014274,PdTc,0,Tc,Pd,0.92399
0.2870059547159016,0.2123713444737503,-0.23002888567571206,-1.0700821469501203,-0.4522825143046498,-0.10096418075795353,PdTi,0,Ti,Pd,0.1797
0.5575770705689141,0.2123713444737503,-0.23002888567571206,-0.7989755440364839,-0.4641917330993387,0.47728521812850677,PdV,0,V,Pd,0.48415
2.2480875180979307,0.2123713444737503,-0.23002888567571206,-0.5278689411228475,-0.6964214995957737,1.055534617014967,PdW,0,W,Pd,1.23976
0.12824108454582542,0.2123713444737503,-0.23002888567571206,-1.3411887498637567,-0.29150806057634854,-0.6792135796444139,PdY,0,Y,Pd,-0.32477
-1.1086937819638218,0.2123713444737503,-0.23002888567571206,1.0987706763589706,0.8339131155217596,-1.2574629785308742,PdZn,0,Zn,Pd,-0.11153
0.4960836351932403,0.2123713444737503,-0.23002888567571206,-1.0700821469501203,-0.6249661868276399,-0.10096418075795353,PdZr,0,Zr,Pd,0.10824
0.39925942584167823,-0.027081546424845566,-0.10024231046443549,0.8276640734453343,-0.44037329550996074,-0.10096418075795353,PtPt,1,Pt,Pt,0.0
-0.5024244101595177,-0.027081546424845566,-0.10024231046443549,1.0987706763589706,0.16104225362183242,-1.2574629785308742,PtAg,1,Ag,Pt,0.02848
-0.3879348138200115,-0.027081546424845566,-0.10024231046443549,1.0987706763589706,-0.11882438805335847,-0.6792135796444139,PtAu,1,Au,Pt,-0.0845
-1.218778211692295,-0.027081546424845566,-0.10024231046443549,1.0987706763589706,0.8696407719058266,-1.2574629785308742,PtCd,1,Cd,Pt,-0.07759
0.09358114773396184,-0.027081546424845566,-0.10024231046443549,0.2854508676180616,-0.1902797008214923,-0.6792135796444139,PtCo,1,Co,Pt,-0.11819
0.5542228837485558,-0.027081546424845566,-0.10024231046443549,-0.2567623382092111,-0.6726030620063957,1.055534617014967,PtCr,1,Cr,Pt,0.60181
-0.36508161669629996,-0.027081546424845566,-0.10024231046443549,1.0987706763589706,0.01813162808556478,-1.2574629785308742,PtCu,1,Cu,Pt,0.10523
0.1416578338277306,-0.027081546424845566,-0.10024231046443549,0.014344264704425234,-0.2617350135896261,1.055534617014967,PtFe,1,Fe,Pt,0.11762
0.9187112475756122,-0.027081546424845566,-0.10024231046443549,-1.0700821469501203,-0.613056968032951,-0.10096418075795353,PtHf,1,Hf,Pt,0.42261
-1.6211688927908632,-0.027081546424845566,-0.10024231046443549,1.0987706763589706,1.9533796822225236,-1.2574629785308742,PtHg,1,Hg,Pt,-0.22643
1.1792198009670782,-0.027081546424845566,-0.10024231046443549,0.2854508676180616,-0.5832839210462285,-0.6792135796444139,PtIr,1,Ir,Pt,0.45628
-0.5493047691939246,-0.027081546424845566,-0.10024231046443549,-1.3411887498637567,-0.6547392338143624,-0.6792135796444139,PtLa,1,La,Pt,-0.59931
-0.1848164053668681,-0.027081546424845566,-0.10024231046443549,-0.2567623382092111,0.3277713167474781,1.6337840159014274,PtMn,1,Mn,Pt,0.36775
1.354755608239654,-0.027081546424845566,-0.10024231046443549,-0.2567623382092111,-0.6785576714037402,1.055534617014967,PtMo,1,Mo,Pt,1.29171
1.1915184886423544,-0.027081546424845566,-0.10024231046443549,-0.5278689411228475,-0.5296924364701281,0.47728521812850677,PtNb,1,Nb,Pt,0.96632
0.04885864946078729,-0.027081546424845566,-0.10024231046443549,0.556557470531698,-0.16646126323211433,-0.6792135796444139,PtNi,1,Ni,Pt,-0.11616
1.8131612190405184,-0.027081546424845566,-0.10024231046443549,0.014344264704425234,-0.6606938432117069,2.2120334147878875,PtOs,1,Os,Pt,0.97817
0.16072079932431452,-0.027081546424845566,-0.10024231046443549,1.0987706763589706,-0.2617350135896261,-0.10096418075795353,PtPd,1,Pd,Pt,0.0361
1.9842247758856348,-0.027081546424845566,-0.10024231046443549,-0.2567623382092111,-0.5951931398409175,1.6337840159014274,PtRe,1,Re,Pt,1.43625
0.6179524443379592,-0.027081546424845566,-0.10024231046443549,0.556557470531698,-0.47610095189402774,1.055534617014967,PtRh,1,Rh,Pt,0.21602
1.0316355558654136,-0.027081546424845566,-0.10024231046443549,0.2854508676180616,-0.5832839210462285,2.2120334147878875,PtRu,1,Ru,Pt,0.64922
0.1450120216483248,-0.027081546424845566,-0.10024231046443549,-1.3411887498637567,-0.3689179827418269,-0.6792135796444139,PtSc,1,Sc,Pt,0.17479
1.795272219331154,-0.027081546424845566,-0.10024231046443549,-0.7989755440364839,-0.5892385304435729,0.47728521812850677,PtTa,1,Ta,Pt,1.07325
0.8337384994562504,-0.027081546424845566,-0.10024231046443549,-0.2567623382092111,-0.48801017068871666,1.6337840159014274,PtTc,1,Tc,Pt,1.10622
0.2870059547159016,-0.027081546424845566,-0.10024231046443549,-1.0700821469501203,-0.4522825143046498,-0.10096418075795353,PtTi,1,Ti,Pt,0.37967
0.5575770705689141,-0.027081546424845566,-0.10024231046443549,-0.7989755440364839,-0.4641917330993387,0.47728521812850677,PtV,1,V,Pt,0.66033
2.2480875180979307,-0.027081546424845566,-0.10024231046443549,-0.5278689411228475,-0.6964214995957737,1.055534617014967,PtW,1,W,Pt,1.49513
0.12824108454582542,-0.027081546424845566,-0.10024231046443549,-1.3411887498637567,-0.29150806057634854,-0.6792135796444139,PtY,1,Y,Pt,-0.35815
-1.1086937819638218,-0.027081546424845566,-0.10024231046443549,1.0987706763589706,0.8339131155217596,-1.2574629785308742,PtZn,1,Zn,Pt,0.12776
0.4960836351932403,-0.027081546424845566,-0.10024231046443549,-1.0700821469501203,-0.6249661868276399,-0.10096418075795353,PtZr,1,Zr,Pt,0.26418
2.2480875180979307,-2.0462401558987473,0.10452712574176637,-0.5278689411228475,-0.6964214995957737,1.055534617014967,WW,0,W,W,0.0
-0.5024244101595177,-2.0462401558987473,0.10452712574176637,1.0987706763589706,0.16104225362183242,-1.2574629785308742,WAg,0,Ag,W,-0.43404
-0.8394755210749294,-2.0462401558987473,0.10452712574176637,-1.6122953527773929,0.4111358483103011,-0.6792135796444139,WAl,0,Al,W,0.0209
-0.6644652026974552,-2.0462401558987473,0.10452712574176637,1.0987706763589706,-0.04736907528522456,0.47728521812850677,WAs,0,As,W,-0.22693
-0.3879348138200115,-2.0462401558987473,0.10452712574176637,1.0987706763589706,-0.11882438805335847,-0.6792135796444139,WAu,0,Au,W,-0.66406
-0.63651364152678,-2.0462401558987473,0.10452712574176637,-1.6122953527773929,0.3634989731315451,-1.2574629785308742,WCa,0,Ca,W,-0.28174
-1.218778211692295,-2.0462401558987473,0.10452712574176637,1.0987706763589706,0.8696407719058266,-1.2574629785308742,WCd,0,Cd,W,-0.3253
0.09358114773396184,-2.0462401558987473,0.10452712574176637,0.2854508676180616,-0.1902797008214923,-0.6792135796444139,WCo,0,Co,W,-0.50684
0.5542228837485558,-2.0462401558987473,0.10452712574176637,-0.2567623382092111,-0.6726030620063957,1.055534617014967,WCr,0,Cr,W,-0.14925
-0.36508161669629996,-2.0462401558987473,0.10452712574176637,1.0987706763589706,0.01813162808556478,-1.2574629785308742,WCu,0,Cu,W,-0.18416
0.1416578338277306,-2.0462401558987473,0.10452712574176637,0.014344264704425234,-0.2617350135896261,1.055534617014967,WFe,0,Fe,W,-0.74318
-1.5444809889984659,-2.0462401558987473,0.10452712574176637,1.0987706763589706,0.20867912880058834,-0.6792135796444139,WGa,0,Ga,W,-0.05621
-0.5287324198282266,-2.0462401558987473,0.10452712574176637,1.0987706763589706,-0.6249661868276399,-0.10096418075795353,WGe,0,Ge,W,-0.12059
0.9187112475756122,-2.0462401558987473,0.10452712574176637,-1.0700821469501203,-0.613056968032951,-0.10096418075795353,WHf,0,Hf,W,-0.0434
-1.6211688927908632,-2.0462401558987473,0.10452712574176637,1.0987706763589706,1.9533796822225236,-1.2574629785308742,WHg,0,Hg,W,-0.49007
-1.402665946108025,-2.0462401558987473,0.10452712574176637,1.0987706763589706,0.9470506940713049,-0.6792135796444139,WIn,0,In,W,-0.22474
-0.8511816350384425,-2.0462401558987473,0.10452712574176637,-1.6122953527773929,0.5123642080651573,-1.2574629785308742,WMg,0,Mg,W,-0.088
-0.1848164053668681,-2.0462401558987473,0.10452712574176637,-0.2567623382092111,0.3277713167474781,1.6337840159014274,WMn,0,Mn,W,-0.37682
1.354755608239654,-2.0462401558987473,0.10452712574176637,-0.2567623382092111,-0.6785576714037402,1.055534617014967,WMo,0,Mo,W,-0.11694
0.04885864946078729,-2.0462401558987473,0.10452712574176637,0.556557470531698,-0.16646126323211433,-0.6792135796444139,WNi,0,Ni,W,-0.37631
-1.528392069696062,-2.0462401558987473,0.10452712574176637,-1.6122953527773929,6.597975012151224,0.47728521812850677,WP,0,P,W,-0.30898
0.16072079932431452,-2.0462401558987473,0.10452712574176637,1.0987706763589706,-0.2617350135896261,-0.10096418075795353,WPd,0,Pd,W,-0.55582
0.39925942584167823,-2.0462401558987473,0.10452712574176637,0.8276640734453343,-0.44037329550996074,-0.10096418075795353,WPt,0,Pt,W,-0.76508
0.6179524443379592,-2.0462401558987473,0.10452712574176637,0.556557470531698,-0.47610095189402774,1.055534617014967,WRh,0,Rh,W,-0.62
1.0316355558654136,-2.0462401558987473,0.10452712574176637,0.2854508676180616,-0.5832839210462285,2.2120334147878875,WRu,0,Ru,W,-0.5365
0.1450120216483248,-2.0462401558987473,0.10452712574176637,-1.3411887498637567,-0.3689179827418269,-0.6792135796444139,WSc,0,Sc,W,-0.02988
0.003018088580747999,-2.0462401558987473,0.10452712574176637,-1.6122953527773929,-0.809559078145319,-0.10096418075795353,WSi,0,Si,W,-0.10383
-0.7091877019708656,-2.0462401558987473,0.10452712574176637,-1.6122953527773929,0.37540819192623404,-1.2574629785308742,WSr,0,Sr,W,-0.50427
-1.2380312480020859,-2.0462401558987473,0.10452712574176637,1.0987706763589706,0.816049287329726,-0.6792135796444139,WTl,0,Tl,W,-0.40474
0.5575770705689141,-2.0462401558987473,0.10452712574176637,-0.7989755440364839,-0.4641917330993387,0.47728521812850677,WV,0,V,W,0.02281
0.12824108454582542,-2.0462401558987473,0.10452712574176637,-1.3411887498637567,-0.29150806057634854,-0.6792135796444139,WY,0,Y,W,-0.23029
-1.1086937819638218,-2.0462401558987473,0.10452712574176637,1.0987706763589706,0.8339131155217596,-1.2574629785308742,WZn,0,Zn,W,-0.08791
0.4960836351932403,-2.0462401558987473,0.10452712574176637,-1.0700821469501203,-0.6249661868276399,-0.10096418075795353,WZr,0,Zr,W,-0.06838
0.4960836351932403,-0.756854616433692,1.3195924809294297,-1.0700821469501203,-0.6249661868276399,-0.10096418075795353,ZrZr,0,Zr,Zr,0.0
0.5542228837485558,-0.756854616433692,1.3195924809294297,-0.2567623382092111,-0.6726030620063957,1.055534617014967,ZrCr,0,Cr,Zr,-0.14469
-0.36508161669629996,-0.756854616433692,1.3195924809294297,1.0987706763589706,0.01813162808556478,-1.2574629785308742,ZrCu,0,Cu,Zr,0.16682
0.5575770705689141,-0.756854616433692,1.3195924809294297,-0.7989755440364839,-0.4641917330993387,0.47728521812850677,ZrV,0,V,Zr,0.16517
-1.1086937819638218,-0.756854616433692,1.3195924809294297,1.0987706763589706,0.8339131155217596,-1.2574629785308742,ZrZn,0,Zn,Zr,0.20757
1.354755608239654,-0.756854616433692,1.3195924809294297,-0.2567623382092111,-0.6785576714037402,1.055534617014967,ZrMo,0,Mo,Zr,-0.29322
2.2480875180979307,-0.001991290178297474,1.3195924809294297,-0.5278689411228475,-0.6964214995957737,1.055534617014967,ZrW,0,W,Zr,-0.02454
-0.8394755210749294,-0.756854616433692,1.3195924809294297,-1.6122953527773929,0.4111358483103011,-0.6792135796444139,ZrAl,0,Al,Zr,0.49792
-0.3879348138200115,-0.756854616433692,1.3195924809294297,1.0987706763589706,-0.11882438805335847,-0.6792135796444139,ZrAu,0,Au,Zr,0.13545
-0.5024244101595177,-0.756854616433692,1.3195924809294297,1.0987706763589706,0.16104225362183242,-1.2574629785308742,ZrAg,0,Ag,Zr,0.12935
1.1915184886423544,-0.756854616433692,1.3195924809294297,-0.5278689411228475,-0.5296924364701281,0.47728521812850677,ZrNb,0,Nb,Zr,-0.06702
1.795272219331154,-0.756854616433692,1.3195924809294297,-0.7989755440364839,-0.5892385304435729,0.47728521812850677,ZrTa,0,Ta,Zr,0.15385
0.2870059547159016,-0.756854616433692,1.3195924809294297,-1.0700821469501203,-0.4522825143046498,-0.10096418075795353,ZrTi,0,Ti,Zr,0.24811
0.9187112475756122,-0.756854616433692,1.3195924809294297,-1.0700821469501203,-0.613056968032951,-0.10096418075795353,ZrHf,0,Hf,Zr,0.20414
-1.318442300605421,-0.756854616433692,1.3195924809294297,1.0987706763589706,0.3456351449395116,-0.10096418075795353,ZrSn,0,Sn,Zr,0.24804
